datetime,user,department,location,location_id,client_ip,server_ip,url,url_category,threat_category,threat_name,action,risk_score,dlp_engine,dlp_dictionaries,file_type,app_name,app_class,cloud_app,activity,http_method,http_status,user_agent,request_size,response_size,total_size,upload_file_type,upload_file_name,download_file_type,download_file_name,md5_hash,sha256_hash,malware_category,malware_class,device_owner
2025-11-01 08:15:23,john.doe,Engineering,San Francisco,SF-HQ,192.168.1.100,93.184.216.34,https://google.com,Search Engines,None,None,Allowed,10,None,None,None,Web Browser,Internet Services,No,Browsing,GET,200,Mozilla/5.0,512,2048,2560,None,None,None,None,None,None,None,None,john.doe
2025-11-01 08:16:45,john.doe,Engineering,San Francisco,SF-HQ,192.168.1.100,151.101.1.140,https://github.com,Professional Services,None,None,Allowed,15,None,None,None,Web Browser,Internet Services,No,Browsing,GET,200,Mozilla/5.0,612,3072,3684,None,None,None,None,None,None,None,None,john.doe
2025-11-01 08:18:12,jane.smith,Finance,New York,NY-HQ,192.168.2.50,172.217.14.206,https://gmail.com,Webmail,None,None,Allowed,12,None,None,None,Web Browser,Internet Services,Yes,Browsing,GET,200,Mozilla/5.0,498,1856,2354,None,None,None,None,None,None,None,None,jane.smith
2025-11-01 08:20:34,jane.smith,Finance,New York,NY-HQ,192.168.2.50,172.217.14.206,https://drive.google.com,Cloud Storage,None,None,Allowed,18,None,None,None,Web Browser,Cloud Storage,Yes,Upload,POST,200,Mozilla/5.0,1024,512,1536,pdf,Q4_Financial_Report.pdf,None,None,None,None,None,None,jane.smith
2025-11-01 08:22:56,bob.johnson,Sales,Chicago,CHI-OFFICE,192.168.3.75,13.107.42.14,https://outlook.office365.com,Webmail,None,None,Allowed,14,None,None,None,Web Browser,Internet Services,Yes,Browsing,GET,200,Mozilla/5.0,567,2234,2801,None,None,None,None,None,None,None,None,bob.johnson
2025-11-01 08:25:18,alice.williams,HR,San Francisco,SF-HQ,192.168.1.120,104.16.132.229,https://linkedin.com,Professional Networking,None,None,Allowed,11,None,None,None,Web Browser,Social Media,No,Browsing,GET,200,Mozilla/5.0,523,1987,2510,None,None,None,None,None,None,None,None,alice.williams
2025-11-01 08:28:42,charlie.brown,IT,San Francisco,SF-HQ,192.168.1.150,185.199.108.153,https://stackoverflow.com,Professional Services,None,None,Allowed,13,None,None,None,Web Browser,Internet Services,No,Browsing,GET,200,Mozilla/5.0,489,2156,2645,None,None,None,None,None,None,None,None,charlie.brown
2025-11-01 08:30:15,john.doe,Engineering,San Francisco,SF-HQ,192.168.1.100,198.41.128.143,https://malicious-phishing-site.com,Phishing,Phishing,Phishing Site,Blocked,95,None,None,None,Web Browser,Security Risk,No,Browsing,GET,403,Mozilla/5.0,445,0,445,None,None,None,None,None,None,Phishing,Malicious,john.doe
2025-11-01 08:31:22,john.doe,Engineering,San Francisco,SF-HQ,192.168.1.100,198.41.128.143,https://malicious-phishing-site.com,Phishing,Phishing,Phishing Site,Blocked,95,None,None,None,Web Browser,Security Risk,No,Browsing,GET,403,Mozilla/5.0,445,0,445,None,None,None,None,None,None,Phishing,Malicious,john.doe
2025-11-01 08:32:08,john.doe,Engineering,San Francisco,SF-HQ,192.168.1.100,198.41.128.143,https://malicious-phishing-site.com,Phishing,Phishing,Phishing Site,Blocked,95,None,None,None,Web Browser,Security Risk,No,Browsing,GET,403,Mozilla/5.0,445,0,445,None,None,None,None,None,None,Phishing,Malicious,john.doe
2025-11-01 08:33:45,john.doe,Engineering,San Francisco,SF-HQ,192.168.1.100,198.41.128.143,https://another-phishing.com,Phishing,Phishing,Credential Harvesting,Blocked,92,None,None,None,Web Browser,Security Risk,No,Browsing,GET,403,Mozilla/5.0,445,0,445,None,None,None,None,None,None,Phishing,Malicious,john.doe
2025-11-01 08:35:12,john.doe,Engineering,San Francisco,SF-HQ,192.168.1.100,198.41.128.143,https://fake-login-page.com,Phishing,Phishing,Fake Login,Blocked,94,None,None,None,Web Browser,Security Risk,No,Browsing,GET,403,Mozilla/5.0,445,0,445,None,None,None,None,None,None,Phishing,Malicious,john.doe
2025-11-01 08:36:28,john.doe,Engineering,San Francisco,SF-HQ,192.168.1.100,198.41.128.143,https://suspicious-download.com,Malware,Malware,Trojan Downloader,Blocked,98,None,None,None,Web Browser,Security Risk,No,Download,GET,403,Mozilla/5.0,445,0,445,None,None,exe,malware.exe,a1b2c3d4e5f6,sha256hash123,Trojan,Malicious,john.doe
2025-11-01 08:38:55,jane.smith,Finance,New York,NY-HQ,192.168.2.50,172.217.14.206,https://drive.google.com,Cloud Storage,None,None,Allowed,45,None,None,None,Web Browser,Cloud Storage,Yes,Upload,POST,200,Mozilla/5.0,52428800,1024,52429824,zip,company_database_backup.zip,None,None,None,None,None,None,jane.smith
2025-11-01 08:42:18,bob.johnson,Sales,Chicago,CHI-OFFICE,192.168.3.75,13.107.42.14,https://salesforce.com,Business,None,None,Allowed,16,None,None,None,Web Browser,Business Apps,Yes,Browsing,GET,200,Mozilla/5.0,534,2345,2879,None,None,None,None,None,None,None,None,bob.johnson
2025-11-01 08:45:33,alice.williams,HR,San Francisco,SF-HQ,192.168.1.120,104.16.132.229,https://workday.com,Business,None,None,Allowed,13,None,None,None,Web Browser,Business Apps,Yes,Browsing,GET,200,Mozilla/5.0,512,1987,2499,None,None,None,None,None,None,None,None,alice.williams
2025-11-01 08:48:22,charlie.brown,IT,San Francisco,SF-HQ,192.168.1.150,185.199.108.153,https://github.com,Professional Services,None,None,Allowed,14,None,None,None,Web Browser,Internet Services,No,Browsing,GET,200,Mozilla/5.0,498,2234,2732,None,None,None,None,None,None,None,None,charlie.brown
2025-11-01 09:15:44,john.doe,Engineering,San Francisco,SF-HQ,192.168.1.100,93.184.216.34,https://news.ycombinator.com,News,None,None,Allowed,12,None,None,None,Web Browser,Internet Services,No,Browsing,GET,200,Mozilla/5.0,467,1876,2343,None,None,None,None,None,None,None,None,john.doe
2025-11-01 09:22:11,jane.smith,Finance,New York,NY-HQ,192.168.2.50,172.217.14.206,https://sheets.google.com,Cloud Storage,None,None,Allowed,15,None,None,None,Web Browser,Cloud Storage,Yes,Browsing,GET,200,Mozilla/5.0,523,2156,2679,None,None,None,None,None,None,None,None,jane.smith
2025-11-01 09:28:37,bob.johnson,Sales,Chicago,CHI-OFFICE,192.168.3.75,13.107.42.14,https://teams.microsoft.com,Collaboration,None,None,Allowed,13,None,None,None,Web Browser,Business Apps,Yes,Browsing,GET,200,Mozilla/5.0,545,2087,2632,None,None,None,None,None,None,None,None,bob.johnson
2025-11-01 09:35:52,alice.williams,HR,San Francisco,SF-HQ,192.168.1.120,104.16.132.229,https://bamboohr.com,Business,None,None,Allowed,14,None,None,None,Web Browser,Business Apps,Yes,Browsing,GET,200,Mozilla/5.0,512,1945,2457,None,None,None,None,None,None,None,None,alice.williams
2025-11-01 09:42:18,charlie.brown,IT,San Francisco,SF-HQ,192.168.1.150,185.199.108.153,https://aws.amazon.com,Cloud Services,None,None,Allowed,17,None,None,None,Web Browser,Cloud Services,Yes,Browsing,GET,200,Mozilla/5.0,534,2234,2768,None,None,None,None,None,None,None,None,charlie.brown
2025-11-01 10:05:33,david.miller,Marketing,New York,NY-HQ,192.168.2.80,151.101.1.140,https://twitter.com,Social Media,None,None,Allowed,22,None,None,None,Web Browser,Social Media,No,Browsing,GET,200,Mozilla/5.0,489,1756,2245,None,None,None,None,None,None,None,None,david.miller
2025-11-01 10:12:47,david.miller,Marketing,New York,NY-HQ,192.168.2.80,151.101.1.140,https://facebook.com,Social Media,None,None,Allowed,23,None,None,None,Web Browser,Social Media,No,Browsing,GET,200,Mozilla/5.0,512,1834,2346,None,None,None,None,None,None,None,None,david.miller
2025-11-01 10:18:22,emily.davis,Legal,San Francisco,SF-HQ,192.168.1.180,172.217.14.206,https://docs.google.com,Cloud Storage,None,None,Allowed,14,None,None,None,Web Browser,Cloud Storage,Yes,Browsing,GET,200,Mozilla/5.0,498,2087,2585,None,None,None,None,None,None,None,None,emily.davis
2025-11-01 10:25:55,frank.wilson,Operations,Chicago,CHI-OFFICE,192.168.3.90,13.107.42.14,https://office.com,Business,None,None,Allowed,15,None,None,None,Web Browser,Business Apps,Yes,Browsing,GET,200,Mozilla/5.0,523,2156,2679,None,None,None,None,None,None,None,None,frank.wilson
2025-11-01 10:32:18,grace.taylor,Engineering,San Francisco,SF-HQ,192.168.1.110,185.199.108.153,https://gitlab.com,Professional Services,None,None,Allowed,16,None,None,None,Web Browser,Internet Services,No,Browsing,GET,200,Mozilla/5.0,534,2234,2768,None,None,None,None,None,None,None,None,grace.taylor
2025-11-01 10:38:44,henry.anderson,Finance,New York,NY-HQ,192.168.2.60,172.217.14.206,https://quickbooks.intuit.com,Business,None,None,Allowed,17,None,None,None,Web Browser,Business Apps,Yes,Browsing,GET,200,Mozilla/5.0,545,2087,2632,None,None,None,None,None,None,None,None,henry.anderson
2025-11-01 10:45:12,isabel.thomas,HR,San Francisco,SF-HQ,192.168.1.130,104.16.132.229,https://adp.com,Business,None,None,Allowed,15,None,None,None,Web Browser,Business Apps,Yes,Browsing,GET,200,Mozilla/5.0,512,1945,2457,None,None,None,None,None,None,None,None,isabel.thomas
2025-11-01 10:52:37,john.doe,Engineering,San Francisco,SF-HQ,192.168.1.100,93.184.216.34,https://reddit.com,Social Media,None,None,Allowed,18,None,None,None,Web Browser,Social Media,No,Browsing,GET,200,Mozilla/5.0,489,1876,2365,None,None,None,None,None,None,None,None,john.doe
2025-11-01 11:08:22,jane.smith,Finance,New York,NY-HQ,192.168.2.50,172.217.14.206,https://gmail.com,Webmail,None,None,Allowed,13,None,None,None,Web Browser,Internet Services,Yes,Browsing,GET,200,Mozilla/5.0,498,1856,2354,None,None,None,None,None,None,None,None,jane.smith
2025-11-01 11:15:48,bob.johnson,Sales,Chicago,CHI-OFFICE,192.168.3.75,13.107.42.14,https://hubspot.com,Business,None,None,Allowed,16,None,None,None,Web Browser,Business Apps,Yes,Browsing,GET,200,Mozilla/5.0,534,2234,2768,None,None,None,None,None,None,None,None,bob.johnson
2025-11-01 11:22:33,alice.williams,HR,San Francisco,SF-HQ,192.168.1.120,104.16.132.229,https://linkedin.com,Professional Networking,None,None,Allowed,12,None,None,None,Web Browser,Social Media,No,Browsing,GET,200,Mozilla/5.0,523,1987,2510,None,None,None,None,None,None,None,None,alice.williams
2025-11-01 11:28:55,charlie.brown,IT,San Francisco,SF-HQ,192.168.1.150,185.199.108.153,https://docker.com,Professional Services,None,None,Allowed,15,None,None,None,Web Browser,Internet Services,No,Browsing,GET,200,Mozilla/5.0,512,2156,2668,None,None,None,None,None,None,None,None,charlie.brown
2025-11-01 11:35:18,david.miller,Marketing,New York,NY-HQ,192.168.2.80,151.101.1.140,https://instagram.com,Social Media,None,None,Allowed,24,None,None,None,Web Browser,Social Media,No,Browsing,GET,200,Mozilla/5.0,489,1756,2245,None,None,None,None,None,None,None,None,david.miller
2025-11-01 11:42:44,emily.davis,Legal,San Francisco,SF-HQ,192.168.1.180,172.217.14.206,https://westlaw.com,Professional Services,None,None,Allowed,16,None,None,None,Web Browser,Business Apps,Yes,Browsing,GET,200,Mozilla/5.0,534,2234,2768,None,None,None,None,None,None,None,None,emily.davis
2025-11-01 11:48:22,frank.wilson,Operations,Chicago,CHI-OFFICE,192.168.3.90,13.107.42.14,https://monday.com,Business,None,None,Allowed,17,None,None,None,Web Browser,Business Apps,Yes,Browsing,GET,200,Mozilla/5.0,545,2087,2632,None,None,None,None,None,None,None,None,frank.wilson
2025-11-01 11:55:37,grace.taylor,Engineering,San Francisco,SF-HQ,192.168.1.110,185.199.108.153,https://bitbucket.org,Professional Services,None,None,Allowed,15,None,None,None,Web Browser,Internet Services,No,Browsing,GET,200,Mozilla/5.0,512,2156,2668,None,None,None,None,None,None,None,None,grace.taylor
2025-11-01 12:02:18,henry.anderson,Finance,New York,NY-HQ,192.168.2.60,172.217.14.206,https://bloomberg.com,News,None,None,Allowed,18,None,None,None,Web Browser,Internet Services,No,Browsing,GET,200,Mozilla/5.0,534,2234,2768,None,None,None,None,None,None,None,None,henry.anderson
2025-11-01 12:08:44,isabel.thomas,HR,San Francisco,SF-HQ,192.168.1.130,104.16.132.229,https://indeed.com,Professional Services,None,None,Allowed,16,None,None,None,Web Browser,Internet Services,No,Browsing,GET,200,Mozilla/5.0,523,1987,2510,None,None,None,None,None,None,None,None,isabel.thomas
2025-11-01 13:15:22,john.doe,Engineering,San Francisco,SF-HQ,192.168.1.100,93.184.216.34,https://youtube.com,Streaming Media,None,None,Allowed,20,None,None,None,Web Browser,Streaming,No,Browsing,GET,200,Mozilla/5.0,489,1876,2365,None,None,None,None,None,None,None,None,john.doe
2025-11-01 13:22:48,jane.smith,Finance,New York,NY-HQ,192.168.2.50,172.217.14.206,https://drive.google.com,Cloud Storage,None,None,Allowed,19,None,None,None,Web Browser,Cloud Storage,Yes,Upload,POST,200,Mozilla/5.0,2097152,1024,2098176,xlsx,Budget_2025.xlsx,None,None,None,None,None,None,jane.smith
2025-11-01 13:28:33,bob.johnson,Sales,Chicago,CHI-OFFICE,192.168.3.75,13.107.42.14,https://zoom.us,Collaboration,None,None,Allowed,15,None,None,None,Web Browser,Business Apps,Yes,Browsing,GET,200,Mozilla/5.0,534,2234,2768,None,None,None,None,None,None,None,None,bob.johnson
2025-11-01 13:35:55,alice.williams,HR,San Francisco,SF-HQ,192.168.1.120,104.16.132.229,https://glassdoor.com,Professional Services,None,None,Allowed,17,None,None,None,Web Browser,Internet Services,No,Browsing,GET,200,Mozilla/5.0,523,1987,2510,None,None,None,None,None,None,None,None,alice.williams
2025-11-01 13:42:18,charlie.brown,IT,San Francisco,SF-HQ,192.168.1.150,185.199.108.153,https://kubernetes.io,Professional Services,None,None,Allowed,16,None,None,None,Web Browser,Internet Services,No,Browsing,GET,200,Mozilla/5.0,512,2156,2668,None,None,None,None,None,None,None,None,charlie.brown
2025-11-01 13:48:44,david.miller,Marketing,New York,NY-HQ,192.168.2.80,151.101.1.140,https://tiktok.com,Social Media,None,None,Allowed,28,None,None,None,Web Browser,Social Media,No,Browsing,GET,200,Mozilla/5.0,489,1756,2245,None,None,None,None,None,None,None,None,david.miller
2025-11-01 13:55:22,emily.davis,Legal,San Francisco,SF-HQ,192.168.1.180,172.217.14.206,https://lexisnexis.com,Professional Services,None,None,Allowed,17,None,None,None,Web Browser,Business Apps,Yes,Browsing,GET,200,Mozilla/5.0,534,2234,2768,None,None,None,None,None,None,None,None,emily.davis
2025-11-01 14:02:37,frank.wilson,Operations,Chicago,CHI-OFFICE,192.168.3.90,13.107.42.14,https://asana.com,Business,None,None,Allowed,16,None,None,None,Web Browser,Business Apps,Yes,Browsing,GET,200,Mozilla/5.0,545,2087,2632,None,None,None,None,None,None,None,None,frank.wilson
2025-11-01 14:08:18,grace.taylor,Engineering,San Francisco,SF-HQ,192.168.1.110,185.199.108.153,https://npmjs.com,Professional Services,None,None,Allowed,14,None,None,None,Web Browser,Internet Services,No,Browsing,GET,200,Mozilla/5.0,512,2156,2668,None,None,None,None,None,None,None,None,grace.taylor
2025-11-01 14:15:44,henry.anderson,Finance,New York,NY-HQ,192.168.2.60,172.217.14.206,https://stripe.com,Business,None,None,Allowed,19,None,None,None,Web Browser,Business Apps,Yes,Browsing,GET,200,Mozilla/5.0,534,2234,2768,None,None,None,None,None,None,None,None,henry.anderson
2025-11-01 14:22:33,isabel.thomas,HR,San Francisco,SF-HQ,192.168.1.130,104.16.132.229,https://zenefits.com,Business,None,None,Allowed,15,None,None,None,Web Browser,Business Apps,Yes,Browsing,GET,200,Mozilla/5.0,512,1945,2457,None,None,None,None,None,None,None,None,isabel.thomas
2025-11-01 14:35:18,john.doe,Engineering,San Francisco,SF-HQ,192.168.1.100,45.33.32.156,https://c2-command-server.onion,Command and Control,Botnet,C2 Communication,Blocked,99,None,None,None,curl/7.68.0,Security Risk,No,Browsing,GET,403,curl/7.68.0,234,0,234,None,None,None,None,None,None,Botnet,Malicious,john.doe
2025-11-01 14:36:18,john.doe,Engineering,San Francisco,SF-HQ,192.168.1.100,45.33.32.156,https://c2-command-server.onion,Command and Control,Botnet,C2 Communication,Blocked,99,None,None,None,curl/7.68.0,Security Risk,No,Browsing,GET,403,curl/7.68.0,234,0,234,None,None,None,None,None,None,Botnet,Malicious,john.doe
2025-11-01 14:37:18,john.doe,Engineering,San Francisco,SF-HQ,192.168.1.100,45.33.32.156,https://c2-command-server.onion,Command and Control,Botnet,C2 Communication,Blocked,99,None,None,None,curl/7.68.0,Security Risk,No,Browsing,GET,403,curl/7.68.0,234,0,234,None,None,None,None,None,None,Botnet,Malicious,john.doe
2025-11-01 14:38:18,john.doe,Engineering,San Francisco,SF-HQ,192.168.1.100,45.33.32.156,https://c2-command-server.onion,Command and Control,Botnet,C2 Communication,Blocked,99,None,None,None,curl/7.68.0,Security Risk,No,Browsing,GET,403,curl/7.68.0,234,0,234,None,None,None,None,None,None,Botnet,Malicious,john.doe
2025-11-01 14:39:18,john.doe,Engineering,San Francisco,SF-HQ,192.168.1.100,45.33.32.156,https://c2-command-server.onion,Command and Control,Botnet,C2 Communication,Blocked,99,None,None,None,curl/7.68.0,Security Risk,No,Browsing,GET,403,curl/7.68.0,234,0,234,None,None,None,None,None,None,Botnet,Malicious,john.doe
2025-11-01 14:40:18,john.doe,Engineering,San Francisco,SF-HQ,192.168.1.100,45.33.32.156,https://c2-command-server.onion,Command and Control,Botnet,C2 Communication,Blocked,99,None,None,None,curl/7.68.0,Security Risk,No,Browsing,GET,403,curl/7.68.0,234,0,234,None,None,None,None,None,None,Botnet,Malicious,john.doe
2025-11-01 14:41:18,john.doe,Engineering,San Francisco,SF-HQ,192.168.1.100,45.33.32.156,https://c2-command-server.onion,Command and Control,Botnet,C2 Communication,Blocked,99,None,None,None,curl/7.68.0,Security Risk,No,Browsing,GET,403,curl/7.68.0,234,0,234,None,None,None,None,None,None,Botnet,Malicious,john.doe
2025-11-01 14:42:18,john.doe,Engineering,San Francisco,SF-HQ,192.168.1.100,45.33.32.156,https://c2-command-server.onion,Command and Control,Botnet,C2 Communication,Blocked,99,None,None,None,curl/7.68.0,Security Risk,No,Browsing,GET,403,curl/7.68.0,234,0,234,None,None,None,None,None,None,Botnet,Malicious,john.doe
2025-11-01 14:43:18,john.doe,Engineering,San Francisco,SF-HQ,192.168.1.100,45.33.32.156,https://c2-command-server.onion,Command and Control,Botnet,C2 Communication,Blocked,99,None,None,None,curl/7.68.0,Security Risk,No,Browsing,GET,403,curl/7.68.0,234,0,234,None,None,None,None,None,None,Botnet,Malicious,john.doe
2025-11-01 14:44:18,john.doe,Engineering,San Francisco,SF-HQ,192.168.1.100,45.33.32.156,https://c2-command-server.onion,Command and Control,Botnet,C2 Communication,Blocked,99,None,None,None,curl/7.68.0,Security Risk,No,Browsing,GET,403,curl/7.68.0,234,0,234,None,None,None,None,None,None,Botnet,Malicious,john.doe
2025-11-01 14:45:18,john.doe,Engineering,San Francisco,SF-HQ,192.168.1.100,45.33.32.156,https://c2-command-server.onion,Command and Control,Botnet,C2 Communication,Blocked,99,None,None,None,curl/7.68.0,Security Risk,No,Browsing,GET,403,curl/7.68.0,234,0,234,None,None,None,None,None,None,Botnet,Malicious,john.doe
2025-11-01 14:52:44,jane.smith,Finance,New York,NY-HQ,192.168.2.50,185.125.190.36,https://file-sharing-anonymous.com,File Sharing,None,None,Allowed,65,None,None,None,Web Browser,File Sharing,No,Upload,POST,200,Mozilla/5.0,157286400,2048,157288448,zip,confidential_financials.zip,None,None,None,None,None,None,jane.smith
2025-11-01 15:08:22,suspicious.user,Unknown,Unknown,UNKNOWN,10.0.0.50,172.217.14.206,https://gmail.com,Webmail,None,None,Allowed,75,None,None,None,Web Browser,Internet Services,Yes,Browsing,GET,200,Mozilla/5.0,498,1856,2354,None,None,None,None,None,None,None,None,suspicious.user
2025-11-01 15:08:25,suspicious.user,Unknown,Unknown,UNKNOWN,10.0.0.50,172.217.14.206,https://gmail.com,Webmail,None,None,Allowed,75,None,None,None,Web Browser,Internet Services,Yes,Browsing,GET,200,Mozilla/5.0,498,1856,2354,None,None,None,None,None,None,None,None,suspicious.user
2025-11-01 15:08:28,suspicious.user,Unknown,Unknown,UNKNOWN,10.0.0.50,172.217.14.206,https://gmail.com,Webmail,None,None,Allowed,75,None,None,None,Web Browser,Internet Services,Yes,Browsing,GET,200,Mozilla/5.0,498,1856,2354,None,None,None,None,None,None,None,None,suspicious.user
2025-11-01 15:08:31,suspicious.user,Unknown,Unknown,UNKNOWN,10.0.0.50,172.217.14.206,https://gmail.com,Webmail,None,None,Allowed,75,None,None,None,Web Browser,Internet Services,Yes,Browsing,GET,200,Mozilla/5.0,498,1856,2354,None,None,None,None,None,None,None,None,suspicious.user
2025-11-01 15:08:34,suspicious.user,Unknown,Unknown,UNKNOWN,10.0.0.50,172.217.14.206,https://gmail.com,Webmail,None,None,Allowed,75,None,None,None,Web Browser,Internet Services,Yes,Browsing,GET,200,Mozilla/5.0,498,1856,2354,None,None,None,None,None,None,None,None,suspicious.user
2025-11-01 15:08:37,suspicious.user,Unknown,Unknown,UNKNOWN,10.0.0.50,172.217.14.206,https://gmail.com,Webmail,None,None,Allowed,75,None,None,None,Web Browser,Internet Services,Yes,Browsing,GET,200,Mozilla/5.0,498,1856,2354,None,None,None,None,None,None,None,None,suspicious.user
2025-11-01 15:08:40,suspicious.user,Unknown,Unknown,UNKNOWN,10.0.0.50,172.217.14.206,https://gmail.com,Webmail,None,None,Allowed,75,None,None,None,Web Browser,Internet Services,Yes,Browsing,GET,200,Mozilla/5.0,498,1856,2354,None,None,None,None,None,None,None,None,suspicious.user
2025-11-01 15:08:43,suspicious.user,Unknown,Unknown,UNKNOWN,10.0.0.50,172.217.14.206,https://gmail.com,Webmail,None,None,Allowed,75,None,None,None,Web Browser,Internet Services,Yes,Browsing,GET,200,Mozilla/5.0,498,1856,2354,None,None,None,None,None,None,None,None,suspicious.user
2025-11-01 15:08:46,suspicious.user,Unknown,Unknown,UNKNOWN,10.0.0.50,172.217.14.206,https://gmail.com,Webmail,None,None,Allowed,75,None,None,None,Web Browser,Internet Services,Yes,Browsing,GET,200,Mozilla/5.0,498,1856,2354,None,None,None,None,None,None,None,None,suspicious.user
2025-11-01 15:08:49,suspicious.user,Unknown,Unknown,UNKNOWN,10.0.0.50,172.217.14.206,https://gmail.com,Webmail,None,None,Allowed,75,None,None,None,Web Browser,Internet Services,Yes,Browsing,GET,200,Mozilla/5.0,498,1856,2354,None,None,None,None,None,None,None,None,suspicious.user
2025-11-01 15:08:52,suspicious.user,Unknown,Unknown,UNKNOWN,10.0.0.50,172.217.14.206,https://gmail.com,Webmail,None,None,Allowed,75,None,None,None,Web Browser,Internet Services,Yes,Browsing,GET,200,Mozilla/5.0,498,1856,2354,None,None,None,None,None,None,None,None,suspicious.user
2025-11-01 15:08:55,suspicious.user,Unknown,Unknown,UNKNOWN,10.0.0.50,172.217.14.206,https://gmail.com,Webmail,None,None,Allowed,75,None,None,None,Web Browser,Internet Services,Yes,Browsing,GET,200,Mozilla/5.0,498,1856,2354,None,None,None,None,None,None,None,None,suspicious.user
2025-11-01 15:08:58,suspicious.user,Unknown,Unknown,UNKNOWN,10.0.0.50,172.217.14.206,https://gmail.com,Webmail,None,None,Allowed,75,None,None,None,Web Browser,Internet Services,Yes,Browsing,GET,200,Mozilla/5.0,498,1856,2354,None,None,None,None,None,None,None,None,suspicious.user
2025-11-01 15:09:01,suspicious.user,Unknown,Unknown,UNKNOWN,10.0.0.50,172.217.14.206,https://gmail.com,Webmail,None,None,Allowed,75,None,None,None,Web Browser,Internet Services,Yes,Browsing,GET,200,Mozilla/5.0,498,1856,2354,None,None,None,None,None,None,None,None,suspicious.user
2025-11-01 15:09:04,suspicious.user,Unknown,Unknown,UNKNOWN,10.0.0.50,172.217.14.206,https://gmail.com,Webmail,None,None,Allowed,75,None,None,None,Web Browser,Internet Services,Yes,Browsing,GET,200,Mozilla/5.0,498,1856,2354,None,None,None,None,None,None,None,None,suspicious.user
2025-11-01 15:22:18,bob.johnson,Sales,Chicago,CHI-OFFICE,192.168.3.75,13.107.42.14,https://pipedrive.com,Business,None,None,Allowed,17,None,None,None,Web Browser,Business Apps,Yes,Browsing,GET,200,Mozilla/5.0,534,2234,2768,None,None,None,None,None,None,None,None,bob.johnson
2025-11-01 15:28:44,alice.williams,HR,San Francisco,SF-HQ,192.168.1.120,104.16.132.229,https://gusto.com,Business,None,None,Allowed,16,None,None,None,Web Browser,Business Apps,Yes,Browsing,GET,200,Mozilla/5.0,523,1987,2510,None,None,None,None,None,None,None,None,alice.williams
2025-11-01 15:35:22,charlie.brown,IT,San Francisco,SF-HQ,192.168.1.150,185.199.108.153,https://terraform.io,Professional Services,None,None,Allowed,17,None,None,None,Web Browser,Internet Services,No,Browsing,GET,200,Mozilla/5.0,512,2156,2668,None,None,None,None,None,None,None,None,charlie.brown
2025-11-01 15:42:37,david.miller,Marketing,New York,NY-HQ,192.168.2.80,151.101.1.140,https://mailchimp.com,Business,None,None,Allowed,18,None,None,None,Web Browser,Business Apps,Yes,Browsing,GET,200,Mozilla/5.0,489,1756,2245,None,None,None,None,None,None,None,None,david.miller
2025-11-01 15:48:18,emily.davis,Legal,San Francisco,SF-HQ,192.168.1.180,172.217.14.206,https://clio.com,Business,None,None,Allowed,17,None,None,None,Web Browser,Business Apps,Yes,Browsing,GET,200,Mozilla/5.0,534,2234,2768,None,None,None,None,None,None,None,None,emily.davis
2025-11-01 15:55:44,frank.wilson,Operations,Chicago,CHI-OFFICE,192.168.3.90,13.107.42.14,https://smartsheet.com,Business,None,None,Allowed,18,None,None,None,Web Browser,Business Apps,Yes,Browsing,GET,200,Mozilla/5.0,545,2087,2632,None,None,None,None,None,None,None,None,frank.wilson
2025-11-01 16:02:22,grace.taylor,Engineering,San Francisco,SF-HQ,192.168.1.110,185.199.108.153,https://pypi.org,Professional Services,None,None,Allowed,15,None,None,None,Web Browser,Internet Services,No,Browsing,GET,200,Mozilla/5.0,512,2156,2668,None,None,None,None,None,None,None,None,grace.taylor
2025-11-01 16:08:37,henry.anderson,Finance,New York,NY-HQ,192.168.2.60,172.217.14.206,https://plaid.com,Business,None,None,Allowed,20,None,None,None,Web Browser,Business Apps,Yes,Browsing,GET,200,Mozilla/5.0,534,2234,2768,None,None,None,None,None,None,None,None,henry.anderson
2025-11-01 16:15:18,isabel.thomas,HR,San Francisco,SF-HQ,192.168.1.130,104.16.132.229,https://lever.co,Business,None,None,Allowed,16,None,None,None,Web Browser,Business Apps,Yes,Browsing,GET,200,Mozilla/5.0,512,1945,2457,None,None,None,None,None,None,None,None,isabel.thomas
2025-11-01 16:22:44,john.doe,Engineering,San Francisco,SF-HQ,192.168.1.100,93.184.216.34,https://medium.com,News,None,None,Allowed,14,None,None,None,Web Browser,Internet Services,No,Browsing,GET,200,Mozilla/5.0,489,1876,2365,None,None,None,None,None,None,None,None,john.doe
2025-11-01 16:28:22,jane.smith,Finance,New York,NY-HQ,192.168.2.50,172.217.14.206,https://gmail.com,Webmail,None,None,Allowed,14,None,None,None,Web Browser,Internet Services,Yes,Browsing,GET,200,Mozilla/5.0,498,1856,2354,None,None,None,None,None,None,None,None,jane.smith
2025-11-01 16:35:37,bob.johnson,Sales,Chicago,CHI-OFFICE,192.168.3.75,13.107.42.14,https://calendly.com,Business,None,None,Allowed,15,None,None,None,Web Browser,Business Apps,Yes,Browsing,GET,200,Mozilla/5.0,534,2234,2768,None,None,None,None,None,None,None,None,bob.johnson
2025-11-01 16:42:18,alice.williams,HR,San Francisco,SF-HQ,192.168.1.120,104.16.132.229,https://greenhouse.io,Business,None,None,Allowed,17,None,None,None,Web Browser,Business Apps,Yes,Browsing,GET,200,Mozilla/5.0,523,1987,2510,None,None,None,None,None,None,None,None,alice.williams
2025-11-01 16:48:44,charlie.brown,IT,San Francisco,SF-HQ,192.168.1.150,185.199.108.153,https://ansible.com,Professional Services,None,None,Allowed,16,None,None,None,Web Browser,Internet Services,No,Browsing,GET,200,Mozilla/5.0,512,2156,2668,None,None,None,None,None,None,None,None,charlie.brown
2025-11-01 16:55:22,david.miller,Marketing,New York,NY-HQ,192.168.2.80,151.101.1.140,https://hootsuite.com,Business,None,None,Allowed,19,None,None,None,Web Browser,Business Apps,Yes,Browsing,GET,200,Mozilla/5.0,489,1756,2245,None,None,None,None,None,None,None,None,david.miller
2025-11-01 17:02:37,emily.davis,Legal,San Francisco,SF-HQ,192.168.1.180,172.217.14.206,https://docusign.com,Business,None,None,Allowed,18,None,None,None,Web Browser,Business Apps,Yes,Browsing,GET,200,Mozilla/5.0,534,2234,2768,None,None,None,None,None,None,None,None,emily.davis
2025-11-01 17:08:18,frank.wilson,Operations,Chicago,CHI-OFFICE,192.168.3.90,13.107.42.14,https://airtable.com,Business,None,None,Allowed,17,None,None,None,Web Browser,Business Apps,Yes,Browsing,GET,200,Mozilla/5.0,545,2087,2632,None,None,None,None,None,None,None,None,frank.wilson
2025-11-01 17:15:44,grace.taylor,Engineering,San Francisco,SF-HQ,192.168.1.110,185.199.108.153,https://jenkins.io,Professional Services,None,None,Allowed,16,None,None,None,Web Browser,Internet Services,No,Browsing,GET,200,Mozilla/5.0,512,2156,2668,None,None,None,None,None,None,None,None,grace.taylor
2025-11-01 17:22:22,henry.anderson,Finance,New York,NY-HQ,192.168.2.60,172.217.14.206,https://xero.com,Business,None,None,Allowed,19,None,None,None,Web Browser,Business Apps,Yes,Browsing,GET,200,Mozilla/5.0,534,2234,2768,None,None,None,None,None,None,None,None,henry.anderson
2025-11-01 17:28:37,isabel.thomas,HR,San Francisco,SF-HQ,192.168.1.130,104.16.132.229,https://namely.com,Business,None,None,Allowed,17,None,None,None,Web Browser,Business Apps,Yes,Browsing,GET,200,Mozilla/5.0,512,1945,2457,None,None,None,None,None,None,None,None,isabel.thomas
2025-11-01 18:15:22,john.doe,Engineering,San Francisco,SF-HQ,192.168.1.100,93.184.216.34,https://google.com,Search Engines,None,None,Allowed,12,None,None,None,Web Browser,Internet Services,No,Browsing,GET,200,Mozilla/5.0,512,2048,2560,None,None,None,None,None,None,None,None,john.doe
2025-11-01 19:22:44,jane.smith,Finance,New York,NY-HQ,192.168.2.50,172.217.14.206,https://gmail.com,Webmail,None,None,Allowed,13,None,None,None,Web Browser,Internet Services,Yes,Browsing,GET,200,Mozilla/5.0,498,1856,2354,None,None,None,None,None,None,None,None,jane.smith
2025-11-01 20:35:18,bob.johnson,Sales,Chicago,CHI-OFFICE,192.168.3.75,13.107.42.14,https://salesforce.com,Business,None,None,Allowed,16,None,None,None,Web Browser,Business Apps,Yes,Browsing,GET,200,Mozilla/5.0,534,2345,2879,None,None,None,None,None,None,None,None,bob.johnson
2025-11-01 21:48:33,alice.williams,HR,San Francisco,SF-HQ,192.168.1.120,104.16.132.229,https://workday.com,Business,None,None,Allowed,14,None,None,None,Web Browser,Business Apps,Yes,Browsing,GET,200,Mozilla/5.0,512,1987,2499,None,None,None,None,None,None,None,None,alice.williams
2025-11-01 22:15:44,charlie.brown,IT,San Francisco,SF-HQ,192.168.1.150,185.199.108.153,https://github.com,Professional Services,None,None,Allowed,15,None,None,None,Web Browser,Internet Services,No,Browsing,GET,200,Mozilla/5.0,498,2234,2732,None,None,None,None,None,None,None,None,charlie.brown
2025-11-01 23:22:18,david.miller,Marketing,New York,NY-HQ,192.168.2.80,151.101.1.140,https://twitter.com,Social Media,None,None,Allowed,23,None,None,None,Web Browser,Social Media,No,Browsing,GET,200,Mozilla/5.0,489,1756,2245,None,None,None,None,None,None,None,None,david.miller
2025-11-02 00:35:44,emily.davis,Legal,San Francisco,SF-HQ,192.168.1.180,172.217.14.206,https://docs.google.com,Cloud Storage,None,None,Allowed,18,None,None,None,Web Browser,Cloud Storage,Yes,Browsing,GET,200,Mozilla/5.0,498,2087,2585,None,None,None,None,None,None,None,None,emily.davis
2025-11-02 01:48:22,frank.wilson,Operations,Chicago,CHI-OFFICE,192.168.3.90,13.107.42.14,https://office.com,Business,None,None,Allowed,19,None,None,None,Web Browser,Business Apps,Yes,Browsing,GET,200,Mozilla/5.0,523,2156,2679,None,None,None,None,None,None,None,None,frank.wilson
2025-11-02 02:22:37,grace.taylor,Engineering,San Francisco,SF-HQ,192.168.1.110,185.199.108.153,https://gitlab.com,Professional Services,None,None,Allowed,20,None,None,None,Web Browser,Internet Services,No,Browsing,GET,200,Mozilla/5.0,534,2234,2768,None,None,None,None,None,None,None,None,grace.taylor
2025-11-02 02:25:18,grace.taylor,Engineering,San Francisco,SF-HQ,192.168.1.110,172.217.14.206,https://drive.google.com,Cloud Storage,None,None,Allowed,55,None,None,None,Web Browser,Cloud Storage,Yes,Upload,POST,200,Mozilla/5.0,104857600,2048,104859648,zip,source_code_backup.zip,None,None,None,None,None,None,grace.taylor
2025-11-02 03:15:44,henry.anderson,Finance,New York,NY-HQ,192.168.2.60,172.217.14.206,https://quickbooks.intuit.com,Business,None,None,Allowed,21,None,None,None,Web Browser,Business Apps,Yes,Browsing,GET,200,Mozilla/5.0,545,2087,2632,None,None,None,None,None,None,None,None,henry.anderson
2025-11-02 04:28:33,isabel.thomas,HR,San Francisco,SF-HQ,192.168.1.130,104.16.132.229,https://adp.com,Business,None,None,Allowed,22,None,None,None,Web Browser,Business Apps,Yes,Browsing,GET,200,Mozilla/5.0,512,1945,2457,None,None,None,None,None,None,None,None,isabel.thomas
2025-11-02 05:42:18,john.doe,Engineering,San Francisco,SF-HQ,192.168.1.100,93.184.216.34,https://reddit.com,Social Media,None,None,Allowed,24,None,None,None,Web Browser,Social Media,No,Browsing,GET,200,Mozilla/5.0,489,1876,2365,None,None,None,None,None,None,None,None,john.doe
2025-11-02 06:15:22,jane.smith,Finance,New York,NY-HQ,192.168.2.50,172.217.14.206,https://gmail.com,Webmail,None,None,Allowed,15,None,None,None,Web Browser,Internet Services,Yes,Browsing,GET,200,Mozilla/5.0,498,1856,2354,None,None,None,None,None,None,None,None,jane.smith
2025-11-02 07:28:44,bob.johnson,Sales,Chicago,CHI-OFFICE,192.168.3.75,13.107.42.14,https://hubspot.com,Business,None,None,Allowed,17,None,None,None,Web Browser,Business Apps,Yes,Browsing,GET,200,Mozilla/5.0,534,2234,2768,None,None,None,None,None,None,None,None,bob.johnson
2025-11-02 08:15:33,alice.williams,HR,San Francisco,SF-HQ,192.168.1.120,104.16.132.229,https://linkedin.com,Professional Networking,None,None,Allowed,13,None,None,None,Web Browser,Social Media,No,Browsing,GET,200,Mozilla/5.0,523,1987,2510,None,None,None,None,None,None,None,None,alice.williams
2025-11-02 08:22:18,charlie.brown,IT,San Francisco,SF-HQ,192.168.1.150,185.199.108.153,https://docker.com,Professional Services,None,None,Allowed,16,None,None,None,Web Browser,Internet Services,No,Browsing,GET,200,Mozilla/5.0,512,2156,2668,None,None,None,None,None,None,None,None,charlie.brown
2025-11-02 08:28:44,david.miller,Marketing,New York,NY-HQ,192.168.2.80,151.101.1.140,https://instagram.com,Social Media,None,None,Allowed,25,None,None,None,Web Browser,Social Media,No,Browsing,GET,200,Mozilla/5.0,489,1756,2245,None,None,None,None,None,None,None,None,david.miller
2025-11-02 08:35:22,emily.davis,Legal,San Francisco,SF-HQ,192.168.1.180,172.217.14.206,https://westlaw.com,Professional Services,None,None,Allowed,17,None,None,None,Web Browser,Business Apps,Yes,Browsing,GET,200,Mozilla/5.0,534,2234,2768,None,None,None,None,None,None,None,None,emily.davis
2025-11-02 08:42:37,frank.wilson,Operations,Chicago,CHI-OFFICE,192.168.3.90,13.107.42.14,https://monday.com,Business,None,None,Allowed,18,None,None,None,Web Browser,Business Apps,Yes,Browsing,GET,200,Mozilla/5.0,545,2087,2632,None,None,None,None,None,None,None,None,frank.wilson
2025-11-02 08:48:18,grace.taylor,Engineering,San Francisco,SF-HQ,192.168.1.110,185.199.108.153,https://bitbucket.org,Professional Services,None,None,Allowed,16,None,None,None,Web Browser,Internet Services,No,Browsing,GET,200,Mozilla/5.0,512,2156,2668,None,None,None,None,None,None,None,None,grace.taylor
2025-11-02 08:55:44,henry.anderson,Finance,New York,NY-HQ,192.168.2.60,172.217.14.206,https://bloomberg.com,News,None,None,Allowed,19,None,None,None,Web Browser,Internet Services,No,Browsing,GET,200,Mozilla/5.0,534,2234,2768,None,None,None,None,None,None,None,None,henry.anderson
2025-11-02 09:02:22,isabel.thomas,HR,San Francisco,SF-HQ,192.168.1.130,104.16.132.229,https://indeed.com,Professional Services,None,None,Allowed,17,None,None,None,Web Browser,Internet Services,No,Browsing,GET,200,Mozilla/5.0,523,1987,2510,None,None,None,None,None,None,None,None,isabel.thomas
2025-11-02 09:15:37,john.doe,Engineering,Tokyo,TYO-OFFICE,203.0.113.50,93.184.216.34,https://google.com,Search Engines,None,None,Allowed,85,None,None,None,Web Browser,Internet Services,No,Browsing,GET,200,Mozilla/5.0,512,2048,2560,None,None,None,None,None,None,None,None,john.doe
2025-11-02 09:18:22,john.doe,Engineering,Tokyo,TYO-OFFICE,203.0.113.50,151.101.1.140,https://github.com,Professional Services,None,None,Allowed,82,None,None,None,Web Browser,Internet Services,No,Browsing,GET,200,Mozilla/5.0,612,3072,3684,None,None,None,None,None,None,None,None,john.doe
2025-11-02 09:22:44,john.doe,Engineering,Tokyo,TYO-OFFICE,203.0.113.50,172.217.14.206,https://gmail.com,Webmail,None,None,Allowed,80,None,None,None,Web Browser,Internet Services,Yes,Browsing,GET,200,Mozilla/5.0,498,1856,2354,None,None,None,None,None,None,None,None,john.doe
2025-11-02 09:28:18,jane.smith,Finance,New York,NY-HQ,192.168.2.50,172.217.14.206,https://drive.google.com,Cloud Storage,None,None,Allowed,20,None,None,None,Web Browser,Cloud Storage,Yes,Upload,POST,200,Mozilla/5.0,3145728,1024,3146752,xlsx,Monthly_Report.xlsx,None,None,None,None,None,None,jane.smith
2025-11-02 09:35:33,bob.johnson,Sales,Chicago,CHI-OFFICE,192.168.3.75,13.107.42.14,https://salesforce.com,Business,None,None,Allowed,17,None,None,None,Web Browser,Business Apps,Yes,Browsing,GET,200,Mozilla/5.0,534,2345,2879,None,None,None,None,None,None,None,None,bob.johnson
2025-11-02 09:42:18,alice.williams,HR,San Francisco,SF-HQ,192.168.1.120,104.16.132.229,https://workday.com,Business,None,None,Allowed,14,None,None,None,Web Browser,Business Apps,Yes,Browsing,GET,200,Mozilla/5.0,512,1987,2499,None,None,None,None,None,None,None,None,alice.williams
2025-11-02 09:48:44,charlie.brown,IT,San Francisco,SF-HQ,192.168.1.150,185.199.108.153,https://github.com,Professional Services,None,None,Allowed,15,None,None,None,Web Browser,Internet Services,No,Browsing,GET,200,Mozilla/5.0,498,2234,2732,None,None,None,None,None,None,None,None,charlie.brown
2025-11-02 09:55:22,david.miller,Marketing,New York,NY-HQ,192.168.2.80,151.101.1.140,https://twitter.com,Social Media,None,None,Allowed,26,None,None,None,Web Browser,Social Media,No,Browsing,GET,200,Mozilla/5.0,489,1756,2245,None,None,None,None,None,None,None,None,david.miller
2025-11-02 10:02:37,emily.davis,Legal,San Francisco,SF-HQ,192.168.1.180,172.217.14.206,https://docs.google.com,Cloud Storage,None,None,Allowed,16,None,None,None,Web Browser,Cloud Storage,Yes,Browsing,GET,200,Mozilla/5.0,498,2087,2585,None,None,None,None,None,None,None,None,emily.davis
2025-11-02 10:08:18,frank.wilson,Operations,Chicago,CHI-OFFICE,192.168.3.90,13.107.42.14,https://office.com,Business,None,None,Allowed,17,None,None,None,Web Browser,Business Apps,Yes,Browsing,GET,200,Mozilla/5.0,523,2156,2679,None,None,None,None,None,None,None,None,frank.wilson
2025-11-02 10:15:44,grace.taylor,Engineering,San Francisco,SF-HQ,192.168.1.110,185.199.108.153,https://gitlab.com,Professional Services,None,None,Allowed,17,None,None,None,Web Browser,Internet Services,No,Browsing,GET,200,Mozilla/5.0,534,2234,2768,None,None,None,None,None,None,None,None,grace.taylor
2025-11-02 10:22:22,henry.anderson,Finance,New York,NY-HQ,192.168.2.60,172.217.14.206,https://quickbooks.intuit.com,Business,None,None,Allowed,18,None,None,None,Web Browser,Business Apps,Yes,Browsing,GET,200,Mozilla/5.0,545,2087,2632,None,None,None,None,None,None,None,None,henry.anderson
2025-11-02 10:28:37,isabel.thomas,HR,San Francisco,SF-HQ,192.168.1.130,104.16.132.229,https://adp.com,Business,None,None,Allowed,16,None,None,None,Web Browser,Business Apps,Yes,Browsing,GET,200,Mozilla/5.0,512,1945,2457,None,None,None,None,None,None,None,None,isabel.thomas
2025-11-02 10:35:18,malicious.actor,Unknown,Russia,RU-UNKNOWN,198.51.100.75,172.217.14.206,https://gmail.com,Webmail,None,None,Blocked,98,None,None,None,python-requests/2.28.0,Security Risk,Yes,Browsing,GET,403,python-requests/2.28.0,234,0,234,None,None,None,None,None,None,None,None,unknown
2025-11-02 10:35:21,malicious.actor,Unknown,Russia,RU-UNKNOWN,198.51.100.75,172.217.14.206,https://gmail.com,Webmail,None,None,Blocked,98,None,None,None,python-requests/2.28.0,Security Risk,Yes,Browsing,GET,403,python-requests/2.28.0,234,0,234,None,None,None,None,None,None,None,None,unknown
2025-11-02 10:35:24,malicious.actor,Unknown,Russia,RU-UNKNOWN,198.51.100.75,172.217.14.206,https://gmail.com,Webmail,None,None,Blocked,98,None,None,None,python-requests/2.28.0,Security Risk,Yes,Browsing,GET,403,python-requests/2.28.0,234,0,234,None,None,None,None,None,None,None,None,unknown
2025-11-02 10:35:27,malicious.actor,Unknown,Russia,RU-UNKNOWN,198.51.100.75,172.217.14.206,https://gmail.com,Webmail,None,None,Blocked,98,None,None,None,python-requests/2.28.0,Security Risk,Yes,Browsing,GET,403,python-requests/2.28.0,234,0,234,None,None,None,None,None,None,None,None,unknown
2025-11-02 10:35:30,malicious.actor,Unknown,Russia,RU-UNKNOWN,198.51.100.75,172.217.14.206,https://gmail.com,Webmail,None,None,Blocked,98,None,None,None,python-requests/2.28.0,Security Risk,Yes,Browsing,GET,403,python-requests/2.28.0,234,0,234,None,None,None,None,None,None,None,None,unknown
2025-11-02 10:35:33,malicious.actor,Unknown,Russia,RU-UNKNOWN,198.51.100.75,172.217.14.206,https://gmail.com,Webmail,None,None,Blocked,98,None,None,None,python-requests/2.28.0,Security Risk,Yes,Browsing,GET,403,python-requests/2.28.0,234,0,234,None,None,None,None,None,None,None,None,unknown
2025-11-02 10:35:36,malicious.actor,Unknown,Russia,RU-UNKNOWN,198.51.100.75,172.217.14.206,https://gmail.com,Webmail,None,None,Blocked,98,None,None,None,python-requests/2.28.0,Security Risk,Yes,Browsing,GET,403,python-requests/2.28.0,234,0,234,None,None,None,None,None,None,None,None,unknown
2025-11-02 10:35:39,malicious.actor,Unknown,Russia,RU-UNKNOWN,198.51.100.75,172.217.14.206,https://gmail.com,Webmail,None,None,Blocked,98,None,None,None,python-requests/2.28.0,Security Risk,Yes,Browsing,GET,403,python-requests/2.28.0,234,0,234,None,None,None,None,None,None,None,None,unknown
2025-11-02 10:35:42,malicious.actor,Unknown,Russia,RU-UNKNOWN,198.51.100.75,172.217.14.206,https://gmail.com,Webmail,None,None,Blocked,98,None,None,None,python-requests/2.28.0,Security Risk,Yes,Browsing,GET,403,python-requests/2.28.0,234,0,234,None,None,None,None,None,None,None,None,unknown
2025-11-02 10:35:45,malicious.actor,Unknown,Russia,RU-UNKNOWN,198.51.100.75,172.217.14.206,https://gmail.com,Webmail,None,None,Blocked,98,None,None,None,python-requests/2.28.0,Security Risk,Yes,Browsing,GET,403,python-requests/2.28.0,234,0,234,None,None,None,None,None,None,None,None,unknown
2025-11-02 10:35:48,malicious.actor,Unknown,Russia,RU-UNKNOWN,198.51.100.75,172.217.14.206,https://gmail.com,Webmail,None,None,Blocked,98,None,None,None,python-requests/2.28.0,Security Risk,Yes,Browsing,GET,403,python-requests/2.28.0,234,0,234,None,None,None,None,None,None,None,None,unknown
2025-11-02 10:35:51,malicious.actor,Unknown,Russia,RU-UNKNOWN,198.51.100.75,172.217.14.206,https://gmail.com,Webmail,None,None,Blocked,98,None,None,None,python-requests/2.28.0,Security Risk,Yes,Browsing,GET,403,python-requests/2.28.0,234,0,234,None,None,None,None,None,None,None,None,unknown
2025-11-02 10:42:18,john.doe,Engineering,San Francisco,SF-HQ,192.168.1.100,93.184.216.34,https://reddit.com,Social Media,None,None,Allowed,19,None,None,None,Web Browser,Social Media,No,Browsing,GET,200,Mozilla/5.0,489,1876,2365,None,None,None,None,None,None,None,None,john.doe
2025-11-02 10:48:44,jane.smith,Finance,New York,NY-HQ,192.168.2.50,172.217.14.206,https://gmail.com,Webmail,None,None,Allowed,14,None,None,None,Web Browser,Internet Services,Yes,Browsing,GET,200,Mozilla/5.0,498,1856,2354,None,None,None,None,None,None,None,None,jane.smith
2025-11-02 10:55:22,bob.johnson,Sales,Chicago,CHI-OFFICE,192.168.3.75,13.107.42.14,https://hubspot.com,Business,None,None,Allowed,18,None,None,None,Web Browser,Business Apps,Yes,Browsing,GET,200,Mozilla/5.0,534,2234,2768,None,None,None,None,None,None,None,None,bob.johnson
2025-11-02 11:02:37,alice.williams,HR,San Francisco,SF-HQ,192.168.1.120,104.16.132.229,https://linkedin.com,Professional Networking,None,None,Allowed,14,None,None,None,Web Browser,Social Media,No,Browsing,GET,200,Mozilla/5.0,523,1987,2510,None,None,None,None,None,None,None,None,alice.williams
2025-11-02 11:08:18,charlie.brown,IT,San Francisco,SF-HQ,192.168.1.150,185.199.108.153,https://docker.com,Professional Services,None,None,Allowed,16,None,None,None,Web Browser,Internet Services,No,Browsing,GET,200,Mozilla/5.0,512,2156,2668,None,None,None,None,None,None,None,None,charlie.brown
2025-11-02 11:15:44,david.miller,Marketing,New York,NY-HQ,192.168.2.80,151.101.1.140,https://instagram.com,Social Media,None,None,Allowed,27,None,None,None,Web Browser,Social Media,No,Browsing,GET,200,Mozilla/5.0,489,1756,2245,None,None,None,None,None,None,None,None,david.miller
2025-11-02 11:22:22,emily.davis,Legal,San Francisco,SF-HQ,192.168.1.180,172.217.14.206,https://westlaw.com,Professional Services,None,None,Allowed,18,None,None,None,Web Browser,Business Apps,Yes,Browsing,GET,200,Mozilla/5.0,534,2234,2768,None,None,None,None,None,None,None,None,emily.davis
2025-11-02 11:28:37,frank.wilson,Operations,Chicago,CHI-OFFICE,192.168.3.90,13.107.42.14,https://monday.com,Business,None,None,Allowed,19,None,None,None,Web Browser,Business Apps,Yes,Browsing,GET,200,Mozilla/5.0,545,2087,2632,None,None,None,None,None,None,None,None,frank.wilson
2025-11-02 11:35:18,grace.taylor,Engineering,San Francisco,SF-HQ,192.168.1.110,185.199.108.153,https://bitbucket.org,Professional Services,None,None,Allowed,17,None,None,None,Web Browser,Internet Services,No,Browsing,GET,200,Mozilla/5.0,512,2156,2668,None,None,None,None,None,None,None,None,grace.taylor
2025-11-02 11:42:44,henry.anderson,Finance,New York,NY-HQ,192.168.2.60,172.217.14.206,https://bloomberg.com,News,None,None,Allowed,20,None,None,None,Web Browser,Internet Services,No,Browsing,GET,200,Mozilla/5.0,534,2234,2768,None,None,None,None,None,None,None,None,henry.anderson
2025-11-02 11:48:22,isabel.thomas,HR,San Francisco,SF-HQ,192.168.1.130,104.16.132.229,https://indeed.com,Professional Services,None,None,Allowed,18,None,None,None,Web Browser,Internet Services,No,Browsing,GET,200,Mozilla/5.0,523,1987,2510,None,None,None,None,None,None,None,None,isabel.thomas
2025-11-02 11:55:37,john.doe,Engineering,San Francisco,SF-HQ,192.168.1.100,93.184.216.34,https://newdomain1.com,Uncategorized,None,None,Allowed,35,None,None,None,Web Browser,Internet Services,No,Browsing,GET,200,Mozilla/5.0,489,1876,2365,None,None,None,None,None,None,None,None,john.doe
2025-11-02 11:56:18,john.doe,Engineering,San Francisco,SF-HQ,192.168.1.100,93.184.216.35,https://newdomain2.com,Uncategorized,None,None,Allowed,36,None,None,None,Web Browser,Internet Services,No,Browsing,GET,200,Mozilla/5.0,489,1876,2365,None,None,None,None,None,None,None,None,john.doe
2025-11-02 11:57:22,john.doe,Engineering,San Francisco,SF-HQ,192.168.1.100,93.184.216.36,https://newdomain3.com,Uncategorized,None,None,Allowed,37,None,None,None,Web Browser,Internet Services,No,Browsing,GET,200,Mozilla/5.0,489,1876,2365,None,None,None,None,None,None,None,None,john.doe
2025-11-02 11:58:44,john.doe,Engineering,San Francisco,SF-HQ,192.168.1.100,93.184.216.37,https://newdomain4.com,Uncategorized,None,None,Allowed,38,None,None,None,Web Browser,Internet Services,No,Browsing,GET,200,Mozilla/5.0,489,1876,2365,None,None,None,None,None,None,None,None,john.doe
2025-11-02 11:59:33,john.doe,Engineering,San Francisco,SF-HQ,192.168.1.100,93.184.216.38,https://newdomain5.com,Uncategorized,None,None,Allowed,39,None,None,None,Web Browser,Internet Services,No,Browsing,GET,200,Mozilla/5.0,489,1876,2365,None,None,None,None,None,None,None,None,john.doe
2025-11-02 12:00:18,john.doe,Engineering,San Francisco,SF-HQ,192.168.1.100,93.184.216.39,https://newdomain6.com,Uncategorized,None,None,Allowed,40,None,None,None,Web Browser,Internet Services,No,Browsing,GET,200,Mozilla/5.0,489,1876,2365,None,None,None,None,None,None,None,None,john.doe
2025-11-02 12:01:22,john.doe,Engineering,San Francisco,SF-HQ,192.168.1.100,93.184.216.40,https://newdomain7.com,Uncategorized,None,None,Allowed,41,None,None,None,Web Browser,Internet Services,No,Browsing,GET,200,Mozilla/5.0,489,1876,2365,None,None,None,None,None,None,None,None,john.doe
2025-11-02 12:02:37,john.doe,Engineering,San Francisco,SF-HQ,192.168.1.100,93.184.216.41,https://newdomain8.com,Uncategorized,None,None,Allowed,42,None,None,None,Web Browser,Internet Services,No,Browsing,GET,200,Mozilla/5.0,489,1876,2365,None,None,None,None,None,None,None,None,john.doe
2025-11-02 12:03:18,john.doe,Engineering,San Francisco,SF-HQ,192.168.1.100,93.184.216.42,https://newdomain9.com,Uncategorized,None,None,Allowed,43,None,None,None,Web Browser,Internet Services,No,Browsing,GET,200,Mozilla/5.0,489,1876,2365,None,None,None,None,None,None,None,None,john.doe
2025-11-02 12:04:44,john.doe,Engineering,San Francisco,SF-HQ,192.168.1.100,93.184.216.43,https://newdomain10.com,Uncategorized,None,None,Allowed,44,None,None,None,Web Browser,Internet Services,No,Browsing,GET,200,Mozilla/5.0,489,1876,2365,None,None,None,None,None,None,None,None,john.doe
2025-11-02 12:05:22,john.doe,Engineering,San Francisco,SF-HQ,192.168.1.100,93.184.216.44,https://newdomain11.com,Uncategorized,None,None,Allowed,45,None,None,None,Web Browser,Internet Services,No,Browsing,GET,200,Mozilla/5.0,489,1876,2365,None,None,None,None,None,None,None,None,john.doe
2025-11-02 12:06:37,john.doe,Engineering,San Francisco,SF-HQ,192.168.1.100,93.184.216.45,https://newdomain12.com,Uncategorized,None,None,Allowed,46,None,None,None,Web Browser,Internet Services,No,Browsing,GET,200,Mozilla/5.0,489,1876,2365,None,None,None,None,None,None,None,None,john.doe
2025-11-02 12:07:18,john.doe,Engineering,San Francisco,SF-HQ,192.168.1.100,93.184.216.46,https://newdomain13.com,Uncategorized,None,None,Allowed,47,None,None,None,Web Browser,Internet Services,No,Browsing,GET,200,Mozilla/5.0,489,1876,2365,None,None,None,None,None,None,None,None,john.doe
2025-11-02 12:08:44,john.doe,Engineering,San Francisco,SF-HQ,192.168.1.100,93.184.216.47,https://newdomain14.com,Uncategorized,None,None,Allowed,48,None,None,None,Web Browser,Internet Services,No,Browsing,GET,200,Mozilla/5.0,489,1876,2365,None,None,None,None,None,None,None,None,john.doe
2025-11-02 12:09:22,john.doe,Engineering,San Francisco,SF-HQ,192.168.1.100,93.184.216.48,https://newdomain15.com,Uncategorized,None,None,Allowed,49,None,None,None,Web Browser,Internet Services,No,Browsing,GET,200,Mozilla/5.0,489,1876,2365,None,None,None,None,None,None,None,None,john.doe
2025-11-02 12:10:37,john.doe,Engineering,San Francisco,SF-HQ,192.168.1.100,93.184.216.49,https://newdomain16.com,Uncategorized,None,None,Allowed,50,None,None,None,Web Browser,Internet Services,No,Browsing,GET,200,Mozilla/5.0,489,1876,2365,None,None,None,None,None,None,None,None,john.doe
2025-11-02 12:11:18,john.doe,Engineering,San Francisco,SF-HQ,192.168.1.100,93.184.216.50,https://newdomain17.com,Uncategorized,None,None,Allowed,51,None,None,None,Web Browser,Internet Services,No,Browsing,GET,200,Mozilla/5.0,489,1876,2365,None,None,None,None,None,None,None,None,john.doe
2025-11-02 12:12:44,john.doe,Engineering,San Francisco,SF-HQ,192.168.1.100,93.184.216.51,https://newdomain18.com,Uncategorized,None,None,Allowed,52,None,None,None,Web Browser,Internet Services,No,Browsing,GET,200,Mozilla/5.0,489,1876,2365,None,None,None,None,None,None,None,None,john.doe
2025-11-02 12:13:22,john.doe,Engineering,San Francisco,SF-HQ,192.168.1.100,93.184.216.52,https://newdomain19.com,Uncategorized,None,None,Allowed,53,None,None,None,Web Browser,Internet Services,No,Browsing,GET,200,Mozilla/5.0,489,1876,2365,None,None,None,None,None,None,None,None,john.doe
2025-11-02 12:14:37,john.doe,Engineering,San Francisco,SF-HQ,192.168.1.100,93.184.216.53,https://newdomain20.com,Uncategorized,None,None,Allowed,54,None,None,None,Web Browser,Internet Services,No,Browsing,GET,200,Mozilla/5.0,489,1876,2365,None,None,None,None,None,None,None,None,john.doe
2025-11-02 12:22:18,jane.smith,Finance,New York,NY-HQ,192.168.2.50,172.217.14.206,https://gmail.com,Webmail,None,None,Allowed,15,None,None,None,Web Browser,Internet Services,Yes,Browsing,GET,200,Mozilla/5.0,498,1856,2354,None,None,None,None,None,None,None,None,jane.smith
2025-11-02 12:28:44,bob.johnson,Sales,Chicago,CHI-OFFICE,192.168.3.75,13.107.42.14,https://salesforce.com,Business,None,None,Allowed,18,None,None,None,Web Browser,Business Apps,Yes,Browsing,GET,200,Mozilla/5.0,534,2345,2879,None,None,None,None,None,None,None,None,bob.johnson
2025-11-02 12:35:22,alice.williams,HR,San Francisco,SF-HQ,192.168.1.120,104.16.132.229,https://workday.com,Business,None,None,Allowed,15,None,None,None,Web Browser,Business Apps,Yes,Browsing,GET,200,Mozilla/5.0,512,1987,2499,None,None,None,None,None,None,None,None,alice.williams
2025-11-02 12:42:37,charlie.brown,IT,San Francisco,SF-HQ,192.168.1.150,185.199.108.153,https://github.com,Professional Services,None,None,Allowed,17,None,None,None,Web Browser,Internet Services,No,Browsing,GET,200,Mozilla/5.0,498,2234,2732,None,None,None,None,None,None,None,None,charlie.brown
2025-11-02 12:48:18,david.miller,Marketing,New York,NY-HQ,192.168.2.80,151.101.1.140,https://twitter.com,Social Media,None,None,Allowed,29,None,None,None,Web Browser,Social Media,No,Browsing,GET,200,Mozilla/5.0,489,1756,2245,None,None,None,None,None,None,None,None,david.miller
2025-11-02 12:55:44,emily.davis,Legal,San Francisco,SF-HQ,192.168.1.180,172.217.14.206,https://docs.google.com,Cloud Storage,None,None,Allowed,17,None,None,None,Web Browser,Cloud Storage,Yes,Browsing,GET,200,Mozilla/5.0,498,2087,2585,None,None,None,None,None,None,None,None,emily.davis
2025-11-02 13:02:22,frank.wilson,Operations,Chicago,CHI-OFFICE,192.168.3.90,13.107.42.14,https://office.com,Business,None,None,Allowed,18,None,None,None,Web Browser,Business Apps,Yes,Browsing,GET,200,Mozilla/5.0,523,2156,2679,None,None,None,None,None,None,None,None,frank.wilson
2025-11-02 13:08:37,grace.taylor,Engineering,San Francisco,SF-HQ,192.168.1.110,185.199.108.153,https://gitlab.com,Professional Services,None,None,Allowed,18,None,None,None,Web Browser,Internet Services,No,Browsing,GET,200,Mozilla/5.0,534,2234,2768,None,None,None,None,None,None,None,None,grace.taylor
2025-11-02 13:15:18,henry.anderson,Finance,New York,NY-HQ,192.168.2.60,172.217.14.206,https://quickbooks.intuit.com,Business,None,None,Allowed,19,None,None,None,Web Browser,Business Apps,Yes,Browsing,GET,200,Mozilla/5.0,545,2087,2632,None,None,None,None,None,None,None,None,henry.anderson
2025-11-02 13:22:44,isabel.thomas,HR,San Francisco,SF-HQ,192.168.1.130,104.16.132.229,https://adp.com,Business,None,None,Allowed,17,None,None,None,Web Browser,Business Apps,Yes,Browsing,GET,200,Mozilla/5.0,512,1945,2457,None,None,None,None,None,None,None,None,isabel.thomas
2025-11-02 13:28:22,john.doe,Engineering,San Francisco,SF-HQ,192.168.1.100,93.184.216.34,https://youtube.com,Streaming Media,None,None,Allowed,22,None,None,None,Web Browser,Streaming,No,Browsing,GET,200,Mozilla/5.0,489,1876,2365,None,None,None,None,None,None,None,None,john.doe
2025-11-02 13:35:37,jane.smith,Finance,New York,NY-HQ,192.168.2.50,172.217.14.206,https://drive.google.com,Cloud Storage,None,None,Allowed,21,None,None,None,Web Browser,Cloud Storage,Yes,Upload,POST,200,Mozilla/5.0,4194304,1024,4195328,pdf,Financial_Analysis.pdf,None,None,None,None,None,None,jane.smith
2025-11-02 13:42:18,bob.johnson,Sales,Chicago,CHI-OFFICE,192.168.3.75,13.107.42.14,https://zoom.us,Collaboration,None,None,Allowed,17,None,None,None,Web Browser,Business Apps,Yes,Browsing,GET,200,Mozilla/5.0,534,2234,2768,None,None,None,None,None,None,None,None,bob.johnson
2025-11-02 13:48:44,alice.williams,HR,San Francisco,SF-HQ,192.168.1.120,104.16.132.229,https://glassdoor.com,Professional Services,None,None,Allowed,18,None,None,None,Web Browser,Internet Services,No,Browsing,GET,200,Mozilla/5.0,523,1987,2510,None,None,None,None,None,None,None,None,alice.williams
2025-11-02 13:55:22,charlie.brown,IT,San Francisco,SF-HQ,192.168.1.150,185.199.108.153,https://kubernetes.io,Professional Services,None,None,Allowed,18,None,None,None,Web Browser,Internet Services,No,Browsing,GET,200,Mozilla/5.0,512,2156,2668,None,None,None,None,None,None,None,None,charlie.brown
2025-11-02 14:02:37,david.miller,Marketing,New York,NY-HQ,192.168.2.80,151.101.1.140,https://tiktok.com,Social Media,None,None,Allowed,32,None,None,None,Web Browser,Social Media,No,Browsing,GET,200,Mozilla/5.0,489,1756,2245,None,None,None,None,None,None,None,None,david.miller
2025-11-02 14:08:18,emily.davis,Legal,San Francisco,SF-HQ,192.168.1.180,172.217.14.206,https://lexisnexis.com,Professional Services,None,None,Allowed,19,None,None,None,Web Browser,Business Apps,Yes,Browsing,GET,200,Mozilla/5.0,534,2234,2768,None,None,None,None,None,None,None,None,emily.davis
2025-11-02 14:15:44,frank.wilson,Operations,Chicago,CHI-OFFICE,192.168.3.90,13.107.42.14,https://asana.com,Business,None,None,Allowed,19,None,None,None,Web Browser,Business Apps,Yes,Browsing,GET,200,Mozilla/5.0,545,2087,2632,None,None,None,None,None,None,None,None,frank.wilson
2025-11-02 14:22:22,grace.taylor,Engineering,San Francisco,SF-HQ,192.168.1.110,185.199.108.153,https://npmjs.com,Professional Services,None,None,Allowed,17,None,None,None,Web Browser,Internet Services,No,Browsing,GET,200,Mozilla/5.0,512,2156,2668,None,None,None,None,None,None,None,None,grace.taylor
2025-11-02 14:28:37,henry.anderson,Finance,New York,NY-HQ,192.168.2.60,172.217.14.206,https://stripe.com,Business,None,None,Allowed,21,None,None,None,Web Browser,Business Apps,Yes,Browsing,GET,200,Mozilla/5.0,534,2234,2768,None,None,None,None,None,None,None,None,henry.anderson
2025-11-02 14:35:18,isabel.thomas,HR,San Francisco,SF-HQ,192.168.1.130,104.16.132.229,https://zenefits.com,Business,None,None,Allowed,18,None,None,None,Web Browser,Business Apps,Yes,Browsing,GET,200,Mozilla/5.0,512,1945,2457,None,None,None,None,None,None,None,None,isabel.thomas
2025-11-02 14:42:44,john.doe,Engineering,San Francisco,SF-HQ,192.168.1.100,198.51.100.88,https://spyware-download.com,Malware,Spyware,Keylogger,Blocked,97,None,None,None,Web Browser,Security Risk,No,Download,GET,403,Mozilla/5.0,445,0,445,None,None,exe,keylogger.exe,b2c3d4e5f6a7,sha256hash456,Spyware,Malicious,john.doe
2025-11-02 14:48:22,jane.smith,Finance,New York,NY-HQ,192.168.2.50,172.217.14.206,https://gmail.com,Webmail,None,None,Allowed,16,None,None,None,Web Browser,Internet Services,Yes,Browsing,GET,200,Mozilla/5.0,498,1856,2354,None,None,None,None,None,None,None,None,jane.smith
2025-11-02 14:55:37,bob.johnson,Sales,Chicago,CHI-OFFICE,192.168.3.75,13.107.42.14,https://pipedrive.com,Business,None,None,Allowed,19,None,None,None,Web Browser,Business Apps,Yes,Browsing,GET,200,Mozilla/5.0,534,2234,2768,None,None,None,None,None,None,None,None,bob.johnson
2025-11-02 15:02:18,alice.williams,HR,San Francisco,SF-HQ,192.168.1.120,104.16.132.229,https://gusto.com,Business,None,None,Allowed,18,None,None,None,Web Browser,Business Apps,Yes,Browsing,GET,200,Mozilla/5.0,523,1987,2510,None,None,None,None,None,None,None,None,alice.williams
2025-11-02 15:08:44,charlie.brown,IT,San Francisco,SF-HQ,192.168.1.150,185.199.108.153,https://terraform.io,Professional Services,None,None,Allowed,19,None,None,None,Web Browser,Internet Services,No,Browsing,GET,200,Mozilla/5.0,512,2156,2668,None,None,None,None,None,None,None,None,charlie.brown
2025-11-02 15:15:22,david.miller,Marketing,New York,NY-HQ,192.168.2.80,151.101.1.140,https://mailchimp.com,Business,None,None,Allowed,21,None,None,None,Web Browser,Business Apps,Yes,Browsing,GET,200,Mozilla/5.0,489,1756,2245,None,None,None,None,None,None,None,None,david.miller
2025-11-02 15:22:37,emily.davis,Legal,San Francisco,SF-HQ,192.168.1.180,172.217.14.206,https://clio.com,Business,None,None,Allowed,19,None,None,None,Web Browser,Business Apps,Yes,Browsing,GET,200,Mozilla/5.0,534,2234,2768,None,None,None,None,None,None,None,None,emily.davis
2025-11-02 15:28:18,frank.wilson,Operations,Chicago,CHI-OFFICE,192.168.3.90,13.107.42.14,https://smartsheet.com,Business,None,None,Allowed,20,None,None,None,Web Browser,Business Apps,Yes,Browsing,GET,200,Mozilla/5.0,545,2087,2632,None,None,None,None,None,None,None,None,frank.wilson
2025-11-02 15:35:44,grace.taylor,Engineering,San Francisco,SF-HQ,192.168.1.110,185.199.108.153,https://pypi.org,Professional Services,None,None,Allowed,18,None,None,None,Web Browser,Internet Services,No,Browsing,GET,200,Mozilla/5.0,512,2156,2668,None,None,None,None,None,None,None,None,grace.taylor
2025-11-02 15:42:22,henry.anderson,Finance,New York,NY-HQ,192.168.2.60,172.217.14.206,https://plaid.com,Business,None,None,Allowed,22,None,None,None,Web Browser,Business Apps,Yes,Browsing,GET,200,Mozilla/5.0,534,2234,2768,None,None,None,None,None,None,None,None,henry.anderson
2025-11-02 15:48:37,isabel.thomas,HR,San Francisco,SF-HQ,192.168.1.130,104.16.132.229,https://lever.co,Business,None,None,Allowed,19,None,None,None,Web Browser,Business Apps,Yes,Browsing,GET,200,Mozilla/5.0,512,1945,2457,None,None,None,None,None,None,None,None,isabel.thomas
2025-11-02 15:55:18,john.doe,Engineering,San Francisco,SF-HQ,192.168.1.100,93.184.216.34,https://medium.com,News,None,None,Allowed,16,None,None,None,Web Browser,Internet Services,No,Browsing,GET,200,Mozilla/5.0,489,1876,2365,None,None,None,None,None,None,None,None,john.doe
2025-11-02 16:02:44,jane.smith,Finance,New York,NY-HQ,192.168.2.50,172.217.14.206,https://gmail.com,Webmail,None,None,Allowed,17,None,None,None,Web Browser,Internet Services,Yes,Browsing,GET,200,Mozilla/5.0,498,1856,2354,None,None,None,None,None,None,None,None,jane.smith
2025-11-02 16:08:22,bob.johnson,Sales,Chicago,CHI-OFFICE,192.168.3.75,13.107.42.14,https://calendly.com,Business,None,None,Allowed,18,None,None,None,Web Browser,Business Apps,Yes,Browsing,GET,200,Mozilla/5.0,534,2234,2768,None,None,None,None,None,None,None,None,bob.johnson
2025-11-02 16:15:37,alice.williams,HR,San Francisco,SF-HQ,192.168.1.120,104.16.132.229,https://greenhouse.io,Business,None,None,Allowed,19,None,None,None,Web Browser,Business Apps,Yes,Browsing,GET,200,Mozilla/5.0,523,1987,2510,None,None,None,None,None,None,None,None,alice.williams
2025-11-02 16:22:18,charlie.brown,IT,San Francisco,SF-HQ,192.168.1.150,185.199.108.153,https://ansible.com,Professional Services,None,None,Allowed,19,None,None,None,Web Browser,Internet Services,No,Browsing,GET,200,Mozilla/5.0,512,2156,2668,None,None,None,None,None,None,None,None,charlie.brown
2025-11-02 16:28:44,david.miller,Marketing,New York,NY-HQ,192.168.2.80,151.101.1.140,https://hootsuite.com,Business,None,None,Allowed,23,None,None,None,Web Browser,Business Apps,Yes,Browsing,GET,200,Mozilla/5.0,489,1756,2245,None,None,None,None,None,None,None,None,david.miller
2025-11-02 16:35:22,emily.davis,Legal,San Francisco,SF-HQ,192.168.1.180,172.217.14.206,https://docusign.com,Business,None,None,Allowed,20,None,None,None,Web Browser,Business Apps,Yes,Browsing,GET,200,Mozilla/5.0,534,2234,2768,None,None,None,None,None,None,None,None,emily.davis
2025-11-02 16:42:37,frank.wilson,Operations,Chicago,CHI-OFFICE,192.168.3.90,13.107.42.14,https://airtable.com,Business,None,None,Allowed,20,None,None,None,Web Browser,Business Apps,Yes,Browsing,GET,200,Mozilla/5.0,545,2087,2632,None,None,None,None,None,None,None,None,frank.wilson
2025-11-02 16:48:18,grace.taylor,Engineering,San Francisco,SF-HQ,192.168.1.110,185.199.108.153,https://jenkins.io,Professional Services,None,None,Allowed,19,None,None,None,Web Browser,Internet Services,No,Browsing,GET,200,Mozilla/5.0,512,2156,2668,None,None,None,None,None,None,None,None,grace.taylor
2025-11-02 16:55:44,henry.anderson,Finance,New York,NY-HQ,192.168.2.60,172.217.14.206,https://xero.com,Business,None,None,Allowed,22,None,None,None,Web Browser,Business Apps,Yes,Browsing,GET,200,Mozilla/5.0,534,2234,2768,None,None,None,None,None,None,None,None,henry.anderson
2025-11-02 17:02:22,isabel.thomas,HR,San Francisco,SF-HQ,192.168.1.130,104.16.132.229,https://namely.com,Business,None,None,Allowed,20,None,None,None,Web Browser,Business Apps,Yes,Browsing,GET,200,Mozilla/5.0,512,1945,2457,None,None,None,None,None,None,None,None,isabel.thomas